<!--
  ~ Copyright 2014 Intelix Pty Ltd
  ~
  ~ Licensed under the Apache License, Version 2.0 (the "License");
  ~ you may not use this file except in compliance with the License.
  ~ You may obtain a copy of the License at
  ~
  ~     http://www.apache.org/licenses/LICENSE-2.0
  ~
  ~ Unless required by applicable law or agreed to in writing, software
  ~ distributed under the License is distributed on an "AS IS" BASIS,
  ~ WITHOUT WARRANTIES OR CONDITIONS OF ANY KIND, either express or implied.
  ~ See the License for the specific language governing permissions and
  ~ limitations under the License.
  -->

<configuration>

    <appender name="STDOUT" class="ch.qos.logback.core.ConsoleAppender">
        <layout class="ch.qos.logback.classic.PatternLayout">
            <Pattern>%d{yyyy-MM-dd HH:mm:ss.SSS} %-5level [%-40thread] %-45logger{28} ^ %msg%n</Pattern>
        </layout>
    </appender>

    <logger name="scala.slick" level="INFO" />

    <logger name="akka.cluster.ClusterHeartbeatSender" level="WARN" />

    <root level="DEBUG">
        <appender-ref ref="STDOUT" />
    </root>

</configuration>