<!--
  ~ Copyright 2014 Intelix Pty Ltd
  ~
  ~ Licensed under the Apache License, Version 2.0 (the "License");
  ~ you may not use this file except in compliance with the License.
  ~ You may obtain a copy of the License at
  ~
  ~     http://www.apache.org/licenses/LICENSE-2.0
  ~
  ~ Unless required by applicable law or agreed to in writing, software
  ~ distributed under the License is distributed on an "AS IS" BASIS,
  ~ WITHOUT WARRANTIES OR CONDITIONS OF ANY KIND, either express or implied.
  ~ See the License for the specific language governing permissions and
  ~ limitations under the License.
  -->

<configuration>

    <appender name="STDOUT" class="ch.qos.logback.core.ConsoleAppender">
        <layout class="ch.qos.logback.classic.PatternLayout">
            <Pattern>%d{yyyy-MM-dd HH:mm:ss.SSS} %-5level [%-20thread] %-30logger{28} ^ %msg%n</Pattern>
        </layout>
    </appender>




    <appender name="ROLLING" class="ch.qos.logback.core.rolling.RollingFileAppender">
        <layout class="ch.qos.logback.classic.PatternLayout">
            <Pattern>%d{yyyy-MM-dd HH:mm:ss.SSS} %-5level [%-20thread] %-30logger{28} ^ %msg%n</Pattern>
        </layout>
        <file>w:/tmp/mylog.txt</file>
        <rollingPolicy class="ch.qos.logback.core.rolling.TimeBasedRollingPolicy">
            <!-- rollover daily -->
            <fileNamePattern>w:/tmp/mylog-%d{yyyy-MM-dd}.%i.txt.gz</fileNamePattern>
            <timeBasedFileNamingAndTriggeringPolicy
                    class="ch.qos.logback.core.rolling.SizeAndTimeBasedFNATP">
                <!-- or whenever the file size reaches 100MB -->
                <maxFileSize>10KB</maxFileSize>
            </timeBasedFileNamingAndTriggeringPolicy>
        </rollingPolicy>
        <layout class="ch.qos.logback.classic.PatternLayout">
            <Pattern>%d{yyyy-MM-dd HH:mm:ss.SSS} %-5level [%-20thread] %-30logger{28} ^ %msg%n</Pattern>
        </layout>
    </appender>

    <logger name="generator" level="INFO">
        <appender-ref ref="ROLLING" />
    </logger>

    <root level="INFO">
        <appender-ref ref="STDOUT" />
    </root>

</configuration>